Workbook

Sheet ReadMe
A1: Intermediate Tracker: 16-week LeetCode plan (200 problems)
A3: Inputs (yellow cells are yours to edit)
A4: Plan start date (a Monday) | B4: 46314 | C4: Assumption: Week 0 starts here; Week 1 starts 7 days later. Change it and the Roadmap dates update.
A6: ABOUT THIS TRACK
A7: What it covers | B7: 200 Medium-heavy problems that sit between the core tracker and the hard material: the problems that separate 'knows the pattern' from 'applies it to a new shape'.
A8: How to combine it | B8: Run it after about Week 12 of the main tracker, or in parallel with it at 1 intermediate week per 1.5 main weeks. Finish the main tracker's graphs and DP before Weeks 10-12 here.
A9: No overlap | B9: Problems here do not repeat the main DSA_Mastery_Tracker, nor the other two tracks (intermediate, advanced, dp_patterns).
A11: HOW THE SHEETS FIT TOGETHER
A12: Roadmap | B12: Week-by-week plan: topic, patterns to own, problem count, and mock/contest checkpoints.
A13: Problems | B13: 200 LeetCode problems in a fixed order, each linked. Click the title to open it. Fill Status, Date Solved, Time, and Revisions Done.
A14: ContestLog | B14: Log every contest/mock: times, rank, mistakes, lessons. Delete the grey example row when you add your own.
A15: Dashboard | B15: Auto-updating progress by topic and a count of revisions due today.
A17: STATUS MEANINGS (Problems sheet)
A18: Todo | B18: Not attempted yet.
A19: Hint-solved | B19: Needed a hint or the editorial. Counts as NOT yet learned. Re-solve from a blank editor next day.
A20: Solved | B20: Solved yourself within the time limit below.
A21: Mastered | B21: Re-solved cleanly at least 3 times across revisions (Revisions Done >= 3) within the time limit.
A23: THE LOOP FOR EVERY PROBLEM
A24: 1. Think (time-boxed) | B24: Easy 15 min, Medium 25-30 min, Hard 40 min. Write the brute force first, then optimise. Say the approach out loud or in a comment before coding.
A25: 2. Hint ladder | B25: Stuck at the limit: read only the topic tag/first hint, try 10 more min, then the editorial. Mark Hint-solved.
A26: 3. Close the editorial and re-solve | B26: Re-write the solution from a blank editor the same day. If you cannot, you did not learn it yet.
A27: 4. Write the pattern, not the code | B27: Fill the Pattern column in one sentence: 'what signal told me which technique' + 'the invariant'. Memorise the invariant, not lines of code.
A28: 5. Spaced revision | B28: Next Revision Due = Date Solved + 1, 3, 7, 21, 60 days. After each timed re-solve from scratch, add 1 to Revisions Done. Failed? Set Revisions Done back to 0 and re-solve tomorrow.
A29: Revision time limits | B29: Easy 10 min, Medium 20 min, Hard 35 min. Beyond that, count it as a fail.
A31: WEEKLY RHYTHM (adapt around M.Tech)
A32: Mon-Fri (2-3 h) | B32: 30 min revision queue (filter Problems by Next Revision Due <= today) + 60-90 min new problems + 15 min pattern notes.
A33: Minimum viable day (45 min) | B33: 1 revision + 1 new problem. Never zero. Exam/assignment weeks: do only this, and do not skip revisions.
A34: Saturday | B34: Biweekly contest (every other week, about 8:00 PM IST) or a virtual contest, then upsolve. Check leetcode.com/contest for exact timings, they can change.
A35: Sunday | B35: Weekly contest (about 8:00 AM IST), upsolve the unsolved problems within 24 h, then a 30 min weekly review: log mistakes and plan next week.
A36: Checkpoints | B36: MOCK OA on the weeks highlighted in Roadmap: 90 min, 3 unseen problems, no hints. Log results in ContestLog.
A38: WEEK 0 DIAGNOSTIC (do this first)
A39: Step 1 | B39: Pick 4 problems you have already solved from the topics of Week 1-2 of this track and re-solve them from a blank editor under the revision time limits.
A40: Step 2 | B40: Mark anything you can already do cold as Solved (add a date). Anything you could not redo goes to Hint-solved.
A42: PRIORITY COLUMN
A43: P1 | B43: Core problems of each week (first ~40%). If a week runs short on time, do P1 first.
A44: P2 | B44: Extra practice and variations. Do them if time allows or if the topic is a weak spot.
A46: NOTES
A47: Links | B47: Links are built from LeetCode problem URLs (leetcode.com/problems/<name>/). If a link ever fails, search the title. Premium-only problems were left out on purpose.

Sheet Roadmap
A1: Week | B1: Starts | C1: Phase | D1: Focus topic | E1: Patterns to own | F1: New problems | G1: P1 problems | H1: Checkpoint / contest goal
A2: 0 | B2: =ReadMe!$B$4+7*A2 -> 46314 | C2: Phase 0: Diagnostic | D2: Diagnostic & Setup | E2: re-solve 4 known problems timed; set up pattern notes | F2: =COUNTIF(Problems!$B:$B,A2) -> 0 | G2: =COUNTIFS(Problems!$B:$B,A2,Problems!$F:$F,"P1") -> 0 | H2: Diagnostic: re-solve 4 known problems
A3: 1 | B3: =ReadMe!$B$4+7*A3 -> 46321 | C3: Phase 1: Arrays, Hashing, Windows, Stacks, Search | D3: Arrays & Strings (Medium) | E3: in-place edits, sorting tricks, index math | F3: =COUNTIF(Problems!$B:$B,A3) -> 13 | G3: =COUNTIFS(Problems!$B:$B,A3,Problems!$F:$F,"P1") -> 6 | H3: Weekly contest live + upsolve
A4: 2 | B4: =ReadMe!$B$4+7*A4 -> 46328 | C4: Phase 1: Arrays, Hashing, Windows, Stacks, Search | D4: Hashing & Prefix Counting | E4: hash map as memory, prefix sum + remainder, grouping by key | F4: =COUNTIF(Problems!$B:$B,A4) -> 13 | G4: =COUNTIFS(Problems!$B:$B,A4,Problems!$F:$F,"P1") -> 6 | H4: Weekly contest live + upsolve
A5: 3 | B5: =ReadMe!$B$4+7*A5 -> 46335 | C5: Phase 1: Arrays, Hashing, Windows, Stacks, Search | D5: Two Pointers & Sliding Window | E5: window validity condition, shrink/expand, counting windows | F5: =COUNTIF(Problems!$B:$B,A5) -> 12 | G5: =COUNTIFS(Problems!$B:$B,A5,Problems!$F:$F,"P1") -> 5 | H5: Weekly contest live + upsolve
A6: 4 | B6: =ReadMe!$B$4+7*A6 -> 46342 | C6: Phase 1: Arrays, Hashing, Windows, Stacks, Search | D6: Stack, Queue & Monotonic | E6: monotonic stack, parenthesis balance, stack simulation | F6: =COUNTIF(Problems!$B:$B,A6) -> 13 | G6: =COUNTIFS(Problems!$B:$B,A6,Problems!$F:$F,"P1") -> 6 | H6: Weekly contest live + upsolve
A7: 5 | B7: =ReadMe!$B$4+7*A7 -> 46349 | C7: Phase 1: Arrays, Hashing, Windows, Stacks, Search | D7: Binary Search Applications | E7: search on answer, feasibility check, monotonic predicate | F7: =COUNTIF(Problems!$B:$B,A7) -> 12 | G7: =COUNTIFS(Problems!$B:$B,A7,Problems!$F:$F,"P1") -> 5 | H7: MOCK OA #1 (90 min, 3 unseen Mediums from Weeks 1-5)
A8: 6 | B8: =ReadMe!$B$4+7*A8 -> 46356 | C8: Phase 2: Structures & Graphs | D8: Linked List (Medium) | E8: dummy nodes, two pointers, in-place splicing | F8: =COUNTIF(Problems!$B:$B,A8) -> 12 | G8: =COUNTIFS(Problems!$B:$B,A8,Problems!$F:$F,"P1") -> 5 | H8: Weekly contest live + upsolve
A9: 7 | B9: =ReadMe!$B$4+7*A9 -> 46363 | C9: Phase 2: Structures & Graphs | D9: Trees & BST (Medium) | E9: construction from traversals, BST ops, level-order variants | F9: =COUNTIF(Problems!$B:$B,A9) -> 13 | G9: =COUNTIFS(Problems!$B:$B,A9,Problems!$F:$F,"P1") -> 6 | H9: Weekly contest live + upsolve
A10: 8 | B10: =ReadMe!$B$4+7*A10 -> 46370 | C10: Phase 2: Structures & Graphs | D10: Heap & Greedy (Medium) | E10: heap as scheduler, sort + greedy choice, exchange argument | F10: =COUNTIF(Problems!$B:$B,A10) -> 12 | G10: =COUNTIFS(Problems!$B:$B,A10,Problems!$F:$F,"P1") -> 5 | H10: Weekly contest live + upsolve
A11: 9 | B11: =ReadMe!$B$4+7*A11 -> 46377 | C11: Phase 2: Structures & Graphs | D11: Backtracking & Recursion | E11: state, choices, pruning, dedupe | F11: =COUNTIF(Problems!$B:$B,A11) -> 13 | G11: =COUNTIFS(Problems!$B:$B,A11,Problems!$F:$F,"P1") -> 6 | H11: Weekly contest live + upsolve
A12: 10 | B12: =ReadMe!$B$4+7*A12 -> 46384 | C12: Phase 2: Structures & Graphs | D12: Graph BFS/DFS (Medium) | E12: visited sets, grid traversal, BFS layers | F12: =COUNTIF(Problems!$B:$B,A12) -> 12 | G12: =COUNTIFS(Problems!$B:$B,A12,Problems!$F:$F,"P1") -> 5 | H12: Weekly contest live + upsolve
A13: 11 | B13: =ReadMe!$B$4+7*A13 -> 46391 | C13: Phase 2: Structures & Graphs | D13: Graph: Union-Find, Topo, Shortest Path | E13: DSU, in-degree, Dijkstra variants | F13: =COUNTIF(Problems!$B:$B,A13) -> 12 | G13: =COUNTIFS(Problems!$B:$B,A13,Problems!$F:$F,"P1") -> 5 | H13: MOCK OA #2 (90 min, 3 Qs from Weeks 6-11)
... A18: 16 | B18: =ReadMe!$B$4+7*A18 -> 46426 | C18: Phase 3: DP, Strings, Math & Mixed | D18: Mixed Medium Mock Sets | E18: pattern recognition without topic labels | F18: =COUNTIF(Problems!$B:$B,A18) -> 13 | G18: =COUNTIFS(Problems!$B:$B,A18,Problems!$F:$F,"P1") -> 6 | H18: MOCK OA #3 + MOCK INTERVIEW (45 min, 2 Qs, speak aloud)
E19: Total | F19: =SUM(F2:F18) -> 200 | G19: =SUM(G2:G18) -> 88

Sheet Problems
A1: # | B1: Week | C1: Topic | D1: Problem (click to open) | E1: Difficulty | F1: Priority | G1: Status | H1: Date Solved | I1: Time (min) | J1: Revisions Done (0-5) | K1: Next Revision Due | L1: Pattern / key idea (your words)
A2: 1 | B2: 1 | C2: Arrays & Strings (Medium) | D2: Find All Duplicates in an Array | E2: Medium | F2: P1 | G2: Todo | J2: 0 | K2: =IF(J2>=5,"Done",IF(H2="","",H2+CHOOSE(J2+1,1,3,7,21,60)))
A3: 2 | B3: 1 | C3: Arrays & Strings (Medium) | D3: Subarray Product Less Than K | E3: Medium | F3: P1 | G3: Todo | J3: 0 | K3: =IF(J3>=5,"Done",IF(H3="","",H3+CHOOSE(J3+1,1,3,7,21,60)))
A4: 3 | B4: 1 | C4: Arrays & Strings (Medium) | D4: Remove Duplicates from Sorted Array II | E4: Medium | F4: P1 | G4: Todo | J4: 0 | K4: =IF(J4>=5,"Done",IF(H4="","",H4+CHOOSE(J4+1,1,3,7,21,60)))
A5: 4 | B5: 1 | C5: Arrays & Strings (Medium) | D5: H Index | E5: Medium | F5: P1 | G5: Todo | J5: 0 | K5: =IF(J5>=5,"Done",IF(H5="","",H5+CHOOSE(J5+1,1,3,7,21,60)))
A6: 5 | B6: 1 | C6: Arrays & Strings (Medium) | D6: Diagonal Traverse | E6: Medium | F6: P1 | G6: Todo | J6: 0 | K6: =IF(J6>=5,"Done",IF(H6="","",H6+CHOOSE(J6+1,1,3,7,21,60)))
A7: 6 | B7: 1 | C7: Arrays & Strings (Medium) | D7: Spiral Matrix II | E7: Medium | F7: P1 | G7: Todo | J7: 0 | K7: =IF(J7>=5,"Done",IF(H7="","",H7+CHOOSE(J7+1,1,3,7,21,60)))
A8: 7 | B8: 1 | C8: Arrays & Strings (Medium) | D8: Search a 2D Matrix II | E8: Medium | F8: P2 | G8: Todo | J8: 0 | K8: =IF(J8>=5,"Done",IF(H8="","",H8+CHOOSE(J8+1,1,3,7,21,60)))
A9: 8 | B9: 1 | C9: Arrays & Strings (Medium) | D9: Shortest Unsorted Continuous Subarray | E9: Medium | F9: P2 | G9: Todo | J9: 0 | K9: =IF(J9>=5,"Done",IF(H9="","",H9+CHOOSE(J9+1,1,3,7,21,60)))
A10: 9 | B10: 1 | C10: Arrays & Strings (Medium) | D10: Sort Characters by Frequency | E10: Medium | F10: P2 | G10: Todo | J10: 0 | K10: =IF(J10>=5,"Done",IF(H10="","",H10+CHOOSE(J10+1,1,3,7,21,60)))
A11: 10 | B11: 1 | C11: Arrays & Strings (Medium) | D11: Corporate Flight Bookings | E11: Medium | F11: P2 | G11: Todo | J11: 0 | K11: =IF(J11>=5,"Done",IF(H11="","",H11+CHOOSE(J11+1,1,3,7,21,60)))
A12: 11 | B12: 1 | C12: Arrays & Strings (Medium) | D12: Longest Mountain in Array | E12: Medium | F12: P2 | G12: Todo | J12: 0 | K12: =IF(J12>=5,"Done",IF(H12="","",H12+CHOOSE(J12+1,1,3,7,21,60)))
A13: 12 | B13: 1 | C13: Arrays & Strings (Medium) | D13: Valid Triangle Number | E13: Medium | F13: P2 | G13: Todo | J13: 0 | K13: =IF(J13>=5,"Done",IF(H13="","",H13+CHOOSE(J13+1,1,3,7,21,60)))
... A201: 200 | B201: 16 | C201: Mixed Medium Mock Sets | D201: Group the People Given the Group Size They Belong to | E201: Medium | F201: P2 | G201: Todo | J201: 0 | K201: =IF(J201>=5,"Done",IF(H201="","",H201+CHOOSE(J201+1,1,3,7,21,60)))

Sheet ContestLog
A1: Contest & Mock Log
A2: Log every live contest, virtual contest, mock OA and mock interview. Times in minutes from start (leave blank if unsolved). Row 5 is an example, delete it.
A4: Date | B4: Type | C4: Contest / Mock name | D4: Q1 time (min) | E4: Q2 time (min) | F4: Q3 time (min) | G4: Q4 time (min) | H4: Qs solved | I4: Rank | J4: Rating after | K4: Upsolved all? (Y/N) | L4: Biggest mistake | M4: Topic to fix
A5: 46327 | B5: LC Weekly | C5: Weekly Contest (example) | D5: 8 | E5: 24 | H5: =IF(COUNT(D5:G5)=0,"",COUNT(D5:G5)) -> 2 | I5: 5400 | J5: 1620 | K5: Y | L5: Missed edge case with empty input in Q2 | M5: Sliding window II
H6: =IF(COUNT(D6:G6)=0,"",COUNT(D6:G6))
H7: =IF(COUNT(D7:G7)=0,"",COUNT(D7:G7))
H8: =IF(COUNT(D8:G8)=0,"",COUNT(D8:G8))
H9: =IF(COUNT(D9:G9)=0,"",COUNT(D9:G9))
H10: =IF(COUNT(D10:G10)=0,"",COUNT(D10:G10))
H11: =IF(COUNT(D11:G11)=0,"",COUNT(D11:G11))
H12: =IF(COUNT(D12:G12)=0,"",COUNT(D12:G12))
H13: =IF(COUNT(D13:G13)=0,"",COUNT(D13:G13))
H14: =IF(COUNT(D14:G14)=0,"",COUNT(D14:G14))
H15: =IF(COUNT(D15:G15)=0,"",COUNT(D15:G15))
H16: =IF(COUNT(D16:G16)=0,"",COUNT(D16:G16))
H17: =IF(COUNT(D17:G17)=0,"",COUNT(D17:G17))
... H204: =IF(COUNT(D204:G204)=0,"",COUNT(D204:G204))

Sheet Dashboard
A1: Progress Dashboard
A3: Total problems | B3: =SUM(B9:B24) -> 200 | C3: Updates automatically from the Problems sheet.
A4: Done (not Todo) | B4: =SUM(D9:D24) -> 0
A5: Mastered | B5: =SUM(E9:E24) -> 0
A6: Revisions due today or overdue | B6: =COUNTIFS(Problems!$K:$K,"<="&TODAY()) -> 0
A7: % done overall | B7: =IF(B3=0,0,B4/B3) -> 0
A8: Topic | B8: Total | C8: Todo | D8: Done | E8: Mastered | F8: % Done
A9: Arrays & Strings (Medium) | B9: =COUNTIF(Problems!$C:$C,A9) -> 13 | C9: =COUNTIFS(Problems!$C:$C,A9,Problems!$G:$G,"Todo") -> 13 | D9: =B9-C9 -> 0 | E9: =COUNTIFS(Problems!$C:$C,A9,Problems!$G:$G,"Mastered") -> 0 | F9: =IF(B9=0,0,D9/B9) -> 0
A10: Hashing & Prefix Counting | B10: =COUNTIF(Problems!$C:$C,A10) -> 13 | C10: =COUNTIFS(Problems!$C:$C,A10,Problems!$G:$G,"Todo") -> 13 | D10: =B10-C10 -> 0 | E10: =COUNTIFS(Problems!$C:$C,A10,Problems!$G:$G,"Mastered") -> 0 | F10: =IF(B10=0,0,D10/B10) -> 0
A11: Two Pointers & Sliding Window | B11: =COUNTIF(Problems!$C:$C,A11) -> 12 | C11: =COUNTIFS(Problems!$C:$C,A11,Problems!$G:$G,"Todo") -> 12 | D11: =B11-C11 -> 0 | E11: =COUNTIFS(Problems!$C:$C,A11,Problems!$G:$G,"Mastered") -> 0 | F11: =IF(B11=0,0,D11/B11) -> 0
A12: Stack, Queue & Monotonic | B12: =COUNTIF(Problems!$C:$C,A12) -> 13 | C12: =COUNTIFS(Problems!$C:$C,A12,Problems!$G:$G,"Todo") -> 13 | D12: =B12-C12 -> 0 | E12: =COUNTIFS(Problems!$C:$C,A12,Problems!$G:$G,"Mastered") -> 0 | F12: =IF(B12=0,0,D12/B12) -> 0
A13: Binary Search Applications | B13: =COUNTIF(Problems!$C:$C,A13) -> 12 | C13: =COUNTIFS(Problems!$C:$C,A13,Problems!$G:$G,"Todo") -> 12 | D13: =B13-C13 -> 0 | E13: =COUNTIFS(Problems!$C:$C,A13,Problems!$G:$G,"Mastered") -> 0 | F13: =IF(B13=0,0,D13/B13) -> 0
A14: Linked List (Medium) | B14: =COUNTIF(Problems!$C:$C,A14) -> 12 | C14: =COUNTIFS(Problems!$C:$C,A14,Problems!$G:$G,"Todo") -> 12 | D14: =B14-C14 -> 0 | E14: =COUNTIFS(Problems!$C:$C,A14,Problems!$G:$G,"Mastered") -> 0 | F14: =IF(B14=0,0,D14/B14) -> 0
A15: Trees & BST (Medium) | B15: =COUNTIF(Problems!$C:$C,A15) -> 13 | C15: =COUNTIFS(Problems!$C:$C,A15,Problems!$G:$G,"Todo") -> 13 | D15: =B15-C15 -> 0 | E15: =COUNTIFS(Problems!$C:$C,A15,Problems!$G:$G,"Mastered") -> 0 | F15: =IF(B15=0,0,D15/B15) -> 0
A16: Heap & Greedy (Medium) | B16: =COUNTIF(Problems!$C:$C,A16) -> 12 | C16: =COUNTIFS(Problems!$C:$C,A16,Problems!$G:$G,"Todo") -> 12 | D16: =B16-C16 -> 0 | E16: =COUNTIFS(Problems!$C:$C,A16,Problems!$G:$G,"Mastered") -> 0 | F16: =IF(B16=0,0,D16/B16) -> 0
A17: Backtracking & Recursion | B17: =COUNTIF(Problems!$C:$C,A17) -> 13 | C17: =COUNTIFS(Problems!$C:$C,A17,Problems!$G:$G,"Todo") -> 13 | D17: =B17-C17 -> 0 | E17: =COUNTIFS(Problems!$C:$C,A17,Problems!$G:$G,"Mastered") -> 0 | F17: =IF(B17=0,0,D17/B17) -> 0
A18: Graph BFS/DFS (Medium) | B18: =COUNTIF(Problems!$C:$C,A18) -> 12 | C18: =COUNTIFS(Problems!$C:$C,A18,Problems!$G:$G,"Todo") -> 12 | D18: =B18-C18 -> 0 | E18: =COUNTIFS(Problems!$C:$C,A18,Problems!$G:$G,"Mastered") -> 0 | F18: =IF(B18=0,0,D18/B18) -> 0
A19: Graph: Union-Find, Topo, Shortest Path | B19: =COUNTIF(Problems!$C:$C,A19) -> 12 | C19: =COUNTIFS(Problems!$C:$C,A19,Problems!$G:$G,"Todo") -> 12 | D19: =B19-C19 -> 0 | E19: =COUNTIFS(Problems!$C:$C,A19,Problems!$G:$G,"Mastered") -> 0 | F19: =IF(B19=0,0,D19/B19) -> 0
A20: DP (Medium Warm-up) | B20: =COUNTIF(Problems!$C:$C,A20) -> 13 | C20: =COUNTIFS(Problems!$C:$C,A20,Problems!$G:$G,"Todo") -> 13 | D20: =B20-C20 -> 0 | E20: =COUNTIFS(Problems!$C:$C,A20,Problems!$G:$G,"Mastered") -> 0 | F20: =IF(B20=0,0,D20/B20) -> 0
... A24: Mixed Medium Mock Sets | B24: =COUNTIF(Problems!$C:$C,A24) -> 13 | C24: =COUNTIFS(Problems!$C:$C,A24,Problems!$G:$G,"Todo") -> 13 | D24: =B24-C24 -> 0 | E24: =COUNTIFS(Problems!$C:$C,A24,Problems!$G:$G,"Mastered") -> 0 | F24: =IF(B24=0,0,D24/B24) -> 0
